<?xml version="1.0"?>
<view>
    <title>Color Settings</title>
    <keyEquivalent>3</keyEquivalent>

    <controls>
        
        <title>
            <prompt>Color Settings</prompt>
        </title>
        
        <color>
            <prompt>Start Color</prompt>
            <bind>
                <property>value</property>
                <keyPath>startColor</keyPath>
            </bind>
        </color>
        
        <slider>
            <prompt>Red Variance</prompt>
            <bind>
                <property>value</property>
                <keyPath>startColorVarianceRed</keyPath>
            </bind>
            <numberType>float</numberType>
            <minValue>0</minValue>
            <maxValue>1</maxValue>
        </slider>
        
        <slider>
            <prompt>Green Variance</prompt>
            <bind>
                <property>value</property>
                <keyPath>startColorVarianceGreen</keyPath>
            </bind>
            <numberType>float</numberType>
            <minValue>0</minValue>
            <maxValue>1</maxValue>
        </slider>
        
        <slider>
            <prompt>Blue Variance</prompt>
            <bind>
                <property>value</property>
                <keyPath>startColorVarianceBlue</keyPath>
            </bind>
            <numberType>float</numberType>
            <minValue>0</minValue>
            <maxValue>1</maxValue>
        </slider>
        
        <slider>
            <prompt>Alpha Variance</prompt>
            <bind>
                <property>value</property>
                <keyPath>startColorVarianceAlpha</keyPath>
            </bind>
            <numberType>float</numberType>
            <minValue>0</minValue>
            <maxValue>1</maxValue>
        </slider>
        
        <color>
            <prompt>End Color</prompt>
            <bind>
                <property>value</property>
                <keyPath>endColor</keyPath>
            </bind>
        </color>
        
        <slider>
            <prompt>Red Variance</prompt>
            <bind>
                <property>value</property>
                <keyPath>finishColorVarianceRed</keyPath>
            </bind>
            <numberType>float</numberType>
            <minValue>0</minValue>
            <maxValue>1</maxValue>
        </slider>
        
        <slider>
            <prompt>Green Variance</prompt>
            <bind>
                <property>value</property>
                <keyPath>finishColorVarianceGreen</keyPath>
            </bind>
            <numberType>float</numberType>
            <minValue>0</minValue>
            <maxValue>1</maxValue>
        </slider>
        
        <slider>
            <prompt>Blue Variance</prompt>
            <bind>
                <property>value</property>
                <keyPath>finishColorVarianceBlue</keyPath>
            </bind>
            <numberType>float</numberType>
            <minValue>0</minValue>
            <maxValue>1</maxValue>
        </slider>
        
        <slider>
            <prompt>Alpha Variance</prompt>
            <bind>
                <property>value</property>
                <keyPath>finishColorVarianceAlpha</keyPath>
            </bind>
            <numberType>float</numberType>
            <minValue>0</minValue>
            <maxValue>1</maxValue>
        </slider>
        
        <popup>
            <prompt>Blend Source</prompt>
            <bind>
                <property>selectedIndex</property>
                <keyPath>blendSourceIndex</keyPath>
            </bind>
            <items>
                <item>GL_ZERO</item>
                <item>GL_ONE</item>
                <item>GL_DST_COLOR</item>
                <item>GL_ONE_MINUS_DST_COLOR</item>
                <item>GL_SRC_ALPHA</item>
                <item>GL_ONE_MINUS_SRC_ALPHA</item>
                <item>GL_DST_ALPHA</item>
                <item>GL_ONE_MINUS_DST_ALPHA</item>
                <item>GL_SOURCE_ALPHA_SATURATE</item>
            </items>
        </popup>

        <popup>
            <prompt>Blend Destination</prompt>
            <bind>
                <property>selectedIndex</property>
                <keyPath>blendDestinationIndex</keyPath>
            </bind>
            <items>
                <item>GL_ZERO</item>
                <item>GL_ONE</item>
                <item>GL_DST_COLOR</item>
                <item>GL_ONE_MINUS_DST_COLOR</item>
                <item>GL_SRC_ALPHA</item>
                <item>GL_ONE_MINUS_SRC_ALPHA</item>
                <item>GL_DST_ALPHA</item>
                <item>GL_ONE_MINUS_DST_ALPHA</item>
                <item>GL_SOURCE_ALPHA_SATURATE</item>
            </items>
        </popup>

    </controls>
</view>