<?xml version="1.0"?>
<view>

    <controls>
        
        <slider>
            <prompt>Speed</prompt>
            <bind>
                <property>value</property>
                <keyPath>speed</keyPath>
            </bind>
            <numberType>float</numberType>
            <minValue>0</minValue>
            <maxValue>2000</maxValue>
        </slider>
        
        <slider>
            <prompt>Speed Variance</prompt>
            <bind>
                <property>value</property>
                <keyPath>speedVariance</keyPath>
            </bind>
            <numberType>float</numberType>
            <minValue>0</minValue>
            <maxValue>2000</maxValue>
        </slider>
        
        <slider>
            <prompt>X Gravity</prompt>
            <bind>
                <property>value</property>
                <keyPath>gravityx</keyPath>
            </bind>
            <numberType>float</numberType>
            <minValue>-2000</minValue>
            <maxValue>2000</maxValue>
        </slider>
        
        <slider>
            <prompt>Y Gravity</prompt>
            <bind>
                <property>value</property>
                <keyPath>gravityy</keyPath>
            </bind>
            <numberType>float</numberType>
            <minValue>-2000</minValue>
            <maxValue>2000</maxValue>
        </slider>
        
        <slider>
            <prompt>Radial Acceleration</prompt>
            <bind>
                <property>value</property>
                <keyPath>radialAcceleration</keyPath>
            </bind>
            <numberType>float</numberType>
            <minValue>-2000</minValue>
            <maxValue>2000</maxValue>
        </slider>
        
        <slider>
            <prompt>Radial Acceleration Variance</prompt>
            <bind>
                <property>value</property>
                <keyPath>radialAccelVariance</keyPath>
            </bind>
            <numberType>float</numberType>
            <minValue>-2000</minValue>
            <maxValue>2000</maxValue>
        </slider>
        
        <slider>
            <prompt>Tangential Acceleration</prompt>
            <bind>
                <property>value</property>
                <keyPath>tangentialAcceleration</keyPath>
            </bind>
            <numberType>float</numberType>
            <minValue>-2000</minValue>
            <maxValue>2000</maxValue>
        </slider>
        
        <slider>
            <prompt>Tangential Acceleration Variance</prompt>
            <bind>
                <property>value</property>
                <keyPath>tangentialAccelVariance</keyPath>
            </bind>
            <numberType>float</numberType>
            <minValue>-2000</minValue>
            <maxValue>2000</maxValue>
        </slider>
    </controls>
</view>