<?xml version="1.0"?>
<view>
    <title>Emitter Settings</title>
    <keyEquivalent>1</keyEquivalent>
            
    <controls>
        
        <title>
            <prompt>Emitter Settings</prompt>
        </title>
        
        <text>
            <prompt>Duration</prompt>
            <bind>
                <property>value</property>
                <keyPath>duration</keyPath>
            </bind>
            <numberType>float</numberType>
        </text>
        
        <slider>
            <prompt>Source Position Variance X</prompt>
            <bind>
                <property>value</property>
                <keyPath>sourcePositionVariancex</keyPath>
            </bind>
            <numberType>int</numberType>
            <minValue>0</minValue>
            <maxValue>2048</maxValue>
        </slider>

        <slider>
            <prompt>Source Position Variance Y</prompt>
            <bind>
                <property>value</property>
                <keyPath>sourcePositionVariancey</keyPath>
            </bind>
            <numberType>int</numberType>
            <minValue>0</minValue>
            <maxValue>2048</maxValue>
        </slider>

        <slider>
            <prompt>Maximum Particles</prompt>
            <bind>
                <property>value</property>
                <keyPath>maxParticles</keyPath>
            </bind>
            <numberType>int</numberType>
            <minValue>0</minValue>
            <maxValue>2000</maxValue>
        </slider>
        
        <slider>
            <prompt>Emit Angle</prompt>
            <bind>
                <property>value</property>
                <keyPath>angle</keyPath>
            </bind>
            <numberType>float</numberType>
            <minValue>0</minValue>
            <maxValue>360</maxValue>
        </slider>
        
        <slider>
            <prompt>Emit Angle Variance</prompt>
            <bind>
                <property>value</property>
                <keyPath>angleVariance</keyPath>
            </bind>
            <numberType>float</numberType>
            <minValue>0</minValue>
            <maxValue>360</maxValue>
        </slider>
        
        <popup>
            <prompt>Type</prompt>
            <bind>
                <property>selectedIndex</property>
                <keyPath>emitterType</keyPath>
            </bind>
            <items>
                <item>Gravity</item>
                <item>Radial</item>
            </items>
        </popup>
        
        <cardview>
            <bind>
                <property>selectedView</property>
                <keyPath>emitterType</keyPath>
            </bind>
            <views>
                <view value="0" config="emitter-gravity-settings"/>
                <view value="1" config="emitter-radial-settings"/>
            </views>
        </cardview>
        
    </controls>
</view>