<?xml version="1.0"?>
<view>

    <controls>
        
        <slider>
            <prompt>Maximum Radius</prompt>
            <bind>
                <property>value</property>
                <keyPath>maxRadius</keyPath>
            </bind>
            <numberType>float</numberType>
            <minValue>0</minValue>
            <maxValue>1000</maxValue>
        </slider>
        
        <slider>
            <prompt>Maximum Radius Variance</prompt>
            <bind>
                <property>value</property>
                <keyPath>maxRadiusVariance</keyPath>
            </bind>
            <numberType>float</numberType>
            <minValue>0</minValue>
            <maxValue>1000</maxValue>
        </slider>
        
        <slider>
            <prompt>Minimum Radius</prompt>
            <bind>
                <property>value</property>
                <keyPath>minRadius</keyPath>
            </bind>
            <numberType>float</numberType>
            <minValue>0</minValue>
            <maxValue>1000</maxValue>
        </slider>

        <slider>
            <prompt>Minimum Radius Variance</prompt>
            <bind>
                <property>value</property>
                <keyPath>minRadiusVariance</keyPath>
            </bind>
            <numberType>float</numberType>
            <minValue>0</minValue>
            <maxValue>1000</maxValue>
        </slider>

        <slider>
            <prompt>Degrees Per Second</prompt>
            <bind>
                <property>value</property>
                <keyPath>rotatePerSecond</keyPath>
            </bind>
            <numberType>float</numberType>
            <minValue>-1000</minValue>
            <maxValue>1000</maxValue>
        </slider>
        
        <slider>
            <prompt>Degrees Per Second Variance</prompt>
            <bind>
                <property>value</property>
                <keyPath>rotatePerSecondVariance</keyPath>
            </bind>
            <numberType>float</numberType>
            <minValue>-1000</minValue>
            <maxValue>1000</maxValue>
        </slider>
        
    </controls>
</view>