<?xml version="1.0"?>
<view>
    <title>Particle Settings</title>
    <keyEquivalent>2</keyEquivalent>
            
    <controls>
        
        <title>
            <prompt>Particle Settings</prompt>
        </title>
        
        <slider>
            <prompt>Lifespan</prompt>
            <bind>
                <property>value</property>
                <keyPath>particleLifespan</keyPath>
            </bind>
            <numberType>float</numberType>
            <minValue>0.05</minValue>
            <maxValue>10</maxValue>
        </slider>
        
        <slider>
            <prompt>Lifespan Variance</prompt>
            <bind>
                <property>value</property>
                <keyPath>particleLifespanVariance</keyPath>
            </bind>
            <numberType>float</numberType>
            <minValue>0</minValue>
            <maxValue>10</maxValue>
        </slider>
        
        <slider>
            <prompt>Start Size</prompt>
            <bind>
                <property>value</property>
                <keyPath>startParticleSize</keyPath>
            </bind>
            <numberType>float</numberType>
            <minValue>0</minValue>
            <maxValue>512</maxValue>
        </slider>
        
        <slider>
            <prompt>Start Size Variance</prompt>
            <bind>
                <property>value</property>
                <keyPath>startParticleSizeVariance</keyPath>
            </bind>
            <numberType>float</numberType>
            <minValue>0</minValue>
            <maxValue>512</maxValue>
        </slider>
        
        <slider>
            <prompt>End Size</prompt>
            <bind>
                <property>value</property>
                <keyPath>finishParticleSize</keyPath>
            </bind>
            <numberType>float</numberType>
            <minValue>0</minValue>
            <maxValue>512</maxValue>
        </slider>
        
        <slider>
            <prompt>End Size Variance</prompt>
            <bind>
                <property>value</property>
                <keyPath>finishParticleSizeVariance</keyPath>
            </bind>
            <numberType>float</numberType>
            <minValue>0</minValue>
            <maxValue>512</maxValue>
        </slider>
        
        <slider>
            <prompt>Start Rotation</prompt>
            <bind>
                <property>value</property>
                <keyPath>rotationStart</keyPath>
            </bind>
            <numberType>float</numberType>
            <minValue>0</minValue>
            <maxValue>360</maxValue>
        </slider>
        
        <slider>
            <prompt>Start Rotation Variance</prompt>
            <bind>
                <property>value</property>
                <keyPath>rotationStartVariance</keyPath>
            </bind>
            <numberType>float</numberType>
            <minValue>0</minValue>
            <maxValue>360</maxValue>
        </slider>
        
        <slider>
            <prompt>End Rotation</prompt>
            <bind>
                <property>value</property>
                <keyPath>rotationEnd</keyPath>
            </bind>
            <numberType>float</numberType>
            <minValue>0</minValue>
            <maxValue>7200</maxValue>
        </slider>
        
        <slider>
            <prompt>End Rotation Variance</prompt>
            <bind>
                <property>value</property>
                <keyPath>rotationEndVariance</keyPath>
            </bind>
            <numberType>float</numberType>
            <minValue>0</minValue>
            <maxValue>7200</maxValue>
        </slider>
    </controls>
</view>